,randgraph_4_5.graph
e_tau_modifying_path_2_0.ntd,1
e_tau_modifying_path_2_1.ntd,1
e_tau_modifying_path_3_0.ntd,1
e_tau_modifying_path_3_1.ntd,1
e_tau_modifying_path_3_2.ntd,1
e_tau_modifying_path_4_0.ntd,1
e_tau_modifying_path_4_1.ntd,1
e_tau_modifying_path_4_2.ntd,1
e_tau_modifying_path_4_3.ntd,1
e_tau_modifying_path_5_0.ntd,1
e_tau_modifying_path_5_1.ntd,1
e_tau_modifying_path_5_2.ntd,1
e_tau_modifying_path_5_3.ntd,1
e_tau_modifying_path_5_4.ntd,1
e_tau_modifying_path_6_0.ntd,1
e_tau_modifying_path_6_1.ntd,1
e_tau_modifying_path_6_2.ntd,1
e_tau_modifying_path_6_3.ntd,1
e_tau_modifying_path_6_4.ntd,1
e_tau_modifying_path_6_5.ntd,1
e_tau_modifying_path_7_0.ntd,1
e_tau_modifying_path_7_1.ntd,1
e_tau_modifying_path_7_2.ntd,1
e_tau_modifying_path_7_3.ntd,1
e_tau_modifying_path_7_4.ntd,1
e_tau_modifying_path_7_5.ntd,1
e_tau_modifying_path_7_6.ntd,1
e_tau_modifying_path_8_0.ntd,1
e_tau_modifying_path_8_1.ntd,1
e_tau_modifying_path_8_2.ntd,1
e_tau_modifying_path_8_3.ntd,1
e_tau_modifying_path_8_4.ntd,1
e_tau_modifying_path_8_5.ntd,1
e_tau_modifying_path_8_6.ntd,1
e_tau_modifying_path_8_7.ntd,1
e_tau_modifying_path_9_0.ntd,1
e_tau_modifying_path_9_1.ntd,1
e_tau_modifying_path_9_2.ntd,1
e_tau_modifying_path_9_3.ntd,1